Reviewer name,Review date,Review content
sunjie,2025-06-30,éåøøęč°¢åå®¶åč“§éåŗ¦å¾åæ«šš»ęč°¢åæ«éå°å„å„éēåæ«éš¦č¾č¦äŗš„°240wēŗæę”éåøøå éåøøę»”ęšÆšÆšÆšÆ č¶ēä¼ę ä»·ę ¼č“­ä¹°š å äøŗęč®°å¾2mēēŗæč¦å¤§ę¦äø¤ē¾čæę · ę£šš»šš»šš»šš»šš»šš»šš»šš»šš»šš»šš»
Lau,2025-06-12,šEase of Use: wire long easy to use
F***A,2025-04-16,"Fast shipping
Seller also reply quicklyš«°š»

Fast shipping
Seller also reply quicklyš«°š»"
Faizul buang,2026-01-21,"Jenama yang boleh dipercayai, Sesuai untuk perjalanan dan bergerak, murah dan originally trusted"
G***h,2025-03-16,"Reliable brand, Efficient charging performance, fast delivery with good packaging, hope the seller sell plenty"
K***n,2025-11-15,"Easy to use and plug in, Compatible with USB-C devices, Efficient charging performance, Durable and long-lasting,"
Shiang Shiang,2026-01-14,"Convenient 2-meter length, High-quality charging cable,"
O***e,2025-10-13,"Convenient 2-meter length, Durable and long-lasting, High-quality charging cable,"
J***m,2025-10-23,"Easy to use and plug in, Reliable brand, High-quality charging cable,"
K***g,2025-10-05,"Efficient charging performance, Durable and long-lasting, Easy to use and plug in,"
Amirul Genesis,2025-11-13,"Durable and long-lasting, Convenient 2-meter length,"
Strawberry Pie,2024-10-09,"I absolutely love the Apple USB-C to Lightning cable! The build quality is top-notch, with a smooth, premium feel that makes it a pleasure to use. It's durable, reliable, and works flawlessly with my devices. Charging speeds are fast, and it connects securely every time without any issues. I highly recommend this cable to anyone looking for a high-quality, original charging solution for their Apple devices."
T***n,2024-10-04,"I am delighted with my recent purchase! The product arrived swiftly, and I found the price to be quite reasonable. The combination of fast delivery and a competitive price made this purchase truly worthwhile. I'm looking forward to using my new product and enjoying its benefits."
guest,2025-10-03,"Sangat tebal 
Produk berkualiti"
K***e,2025-05-24,"Convenient 2-meter length, Sleek and minimalist design. Good"
li teng,2025-07-29,"Reliable brand,"
Yiting,2025-04-30,"Safe delivery, fast shipping and packaging š„°"
TOH YEE LING,2025-04-04,"Convenient 2-meter length, High-quality charging cable,"
Suetthung Chong,2025-06-13,Good sound system
H***i,2024-11-27,"Convenient 2-meter length, Easy to use and plug in, Reliable brand,"
li teng,2025-07-29,"Reliable brand,"
Yiting,2025-04-30,"Safe delivery, fast shipping and packaging š„°"
TOH YEE LING,2025-04-04,"Convenient 2-meter length, High-quality charging cable,"
Suetthung Chong,2025-06-13,Good sound system
H***i,2024-11-27,"Convenient 2-meter length, Easy to use and plug in, Reliable brand,"
